name,source,gender,wikidata,type
Alnpeckstraße,wikidata,,Q1486838,way
"Am Beutlerpark",wikidata,,Q1641385;Q19835432,way
"Am Lucknerpark",wikidata,,Q1873692,way
"An der Post",wikidata,,Q110197108,way
Annenstraße,wikidata,,Q269656;Q566436,way
Bernerstraße,wikidata,,Q15647274,way
Blumenstraße,wikidata,,Q886167,way
Brehmweg,wikidata,,Q67302038,way
Bundschuhstraße,wikidata,,Q786772,way
"Elsasser Straße",wikidata,,Q1142,way
Girlitzweg,wikidata,,Q271807,way
Grimmstraße,wikidata,,Q2793,way
Kap-herr-Weg,wikidata,,Q1728288,way
Kyawstraße,wikidata,,Q1794979,way
"Landsberger Straße",wikidata,,Q494299,way
"Loschwitzer Brücke",wikidata,,Q8939,way
Münzmeisterstraße,wikidata,,Q15836089,way
Paul-Schwarze-Straße,wikidata,,Q66051597,way
Peter-Schmoll-Straße,wikidata,,Q55018575,way
"Pfaffendorfer Straße",wikidata,,Q2082080,way
"Prager Straße",wikidata,,Q1085,relation+way
Rathausplatz,wikidata,,Q1980363,way
Ritzenbergstraße,wikidata,,Q67638055,way
Römchenstraße,wikidata,,Q15712920,way
Schloßplatz,wikidata,,Q167314,way
Schloßstraße,wikidata,,Q167314,way
Schönburgstraße,wikidata,,Q872801,way
Steinadlerstraße,wikidata,,Q41181,way
Theaterplatz,wikidata,,Q1718281;Q352,relation+way
Trinitatisplatz,wikidata,,Q1343765,way
Vitzthumstraße,wikidata,,Q1688902,way
Wasaplatz,wikidata,,Q210601;Q472635,way
"Wettiner Platz",wikidata,,Q152909,way
"Wiener Platz",wikidata,,Q1741,relation+way
Wilhelm-Bölsche-Straße,wikidata,,Q99220843,way
"Zum Bahnhof",wikidata,,Q111507051,way
1,,,,way
"1, Kreuzringel",,,,way
"1. Steinweg",,,,way
"10 / Halbmond",,,,way
"14 / Diebsteig",,,,way
2,,,,way
"2 Sandy Hlls",,,,way
"2. Steinweg",,,,way
3,,,,way
4,,,,way
5,,,,way
6,,,,way
7,,,,way
8,,,,way
9,,,,way
10,,,,way
11,,,,way
12,,,,way
13,,,,way
14,,,,way
15,,,,way
16,,,,way
17,,,,way
18,,,,way
19,,,,way
A,,,,way
A-Weg,,,,way
"Aachener Straße",,,,way
Achtbeeteweg,,,,way
Adlergasse,,,,way
Adlerweg,,,,way
Agneshöhenrundwanderweg,,,,way
"Ahlbecker Straße",,,,way
Ahornstraße,,,,way
Ahornweg,,,,way
Akademiestraße,,,,way
Akazienweg,,,,way
Alaunplatz,,,,way
Alaunstraße,,,,way
Albrechtshöhe,,,,way
Alemannenstraße,,,,way
Alexanderstraße,,,,way
Alleegasse,,,,way
Alpenstraße,,,,way
Alsenstraße,,,,way
"Alt-Leuteritzer Ring",,,,way
Altbriesnitz,,,,way
Altburgstädtel,,,,way
Altcoschütz,,,,way
Altcotta,,,,way
Altdobritz,,,,way
Altdölzschen,,,,way
"Alte 1",,,,way
"Alte 10",,,,way
"Alte 2",,,,way
"Alte 3",,,,way
"Alte 3 / Diebsteig",,,,way
"Alte 4",,,,way
"Alte 4 / Stallweg",,,,way
"Alte 5",,,,way
"Alte 5 / Kuhschwanz",,,,way
"Alte 6",,,,way
"Alte 6 / Alte 7",,,,way
"Alte 7",,,,way
"Alte 8",,,,way
"Alte Bautzner Straße",,,,way
"Alte Dorfstraße",,,,way
"Alte Dresdner Straße",,,,way
"Alte Gärtnerei",,,,way
"Alte Hetsche",,,,way
"Alte Kirschplantage",,,,way
"Alte Landstraße",,,,way
"Alte Meißner Landstraße",,,,way
"Alte Moritzburger Straße",,,,way
"Alte Poststraße",,,,way
"Alte Radeberger Straße",,,,way
"Alte Straße",,,,way
"Altenberger Platz",,,,way
"Altenberger Straße",,,,way
"Altenzeller Straße",,,,way
"Alter Bahndamm",,,,way
"Alter Eichbuscher Weg",,,,way
"Alter Jagdweg",,,,way
"Alter Kannenhenkel",,,,way
"Alter Kannenhenkel / Todweg",,,,way
"Alter Klotzscher Weg",,,,way
"Alter Mühlweg",,,,way
"Alter Postweg",,,,way
"Alter Rossendorfer Weg",,,,way
"Alter Schönborner Weg",,,,way
"Alter Seifzerteichdamm",,,,way
"Altfrankener Dorfstraße",,,,way
"Altfrankener Höhe",,,,way
"Altfrankener Straße",,,,way
Altfriedersdorf,,,,way
Altgomlitz,,,,way
Altgompitz,,,,way
Altgorbitz,,,,way
"Altgorbitzer Ring",,,,way
Altgostritz,,,,way
Altgruna,,,,relation+way
Altkaditz,,,,way
Altkaitz,,,,way
Altkleinzschachwitz,,,,way
Altklotzsche,,,,way
Altlaubegast,,,,way
Altleuben,,,,way
Altleubnitz,,,,way
Altleutewitz,,,,way
Altlöbtau,,,,way
Altlockwitz,,,,way
Altmarkt,,,,way
Altmickten,,,,way
Altmobschatz,,,,way
Altmockritz,,,,way
Altnaußlitz,,,,way
Altnickern,,,,way
"Altnossener Straße",,,,way
Altomsewitz,,,,way
"Altonaer Straße",,,,way
Altpestitz,,,,way
Altpieschen,,,,way
Altplauen,,,,way
Altpodemus,,,,way
Alträcknitz,,,,way
Altreick,,,,way
Altrochwitz,,,,way
Altroßthal,,,,way
Altseidnitz,,,,way
Altsöbrigen,,,,way
Altsporbitz,,,,way
Altstetzsch,,,,way
Altstrehlen,,,,way
Altstriesen,,,,way
Alttolkewitz,,,,way
Alttorna,,,,way
Alttrachau,,,,way
Altübigau,,,,way
Altwachwitz,,,,way
Altweixdorf,,,,way
Altwilschdorf,,,,way
"Altwilschdorfer Weg",,,,way
Altwölfnitz,,,,way
"Am Acker",,,,way
"Am Alten Bahndamm",,,,way
"Am Alten Elbarm",,,,way
"Am Altfrankener Park",,,,way
"Am Anfang",,,,way
"Am Anger",,,,way
"Am Bach",,,,way
"Am Bahndamm",,,,way
"Am Bauernbusch",,,,way
"Am Berg",,,,way
"Am Bergblick",,,,way
"Am Biedersberg",,,,way
"Am Birkenwäldchen",,,,way
"Am Bramschkontor",,,,way
"Am Braugraben",,,,way
"Am Brauhaus",,,,way
"Am Briesnitzer Hang",,,,way
"Am Brüchigt",,,,way
"Am Brunnen",,,,way
"Am Burgberg",,,,way
"Am Burgwall",,,,way
"Am Dachsberg",,,,way
"Am Dahlienheim",,,,way
"Am Dölzschgraben",,,,way
"Am Dorfende",,,,way
"Am Dorffrieden",,,,way
"Am Dorfplatz",,,,way
"Am Dorfteich",,,,way
"Am Dorngraben",,,,way
"Am Eigenheimweg",,,,way
"Am Eiswurmlager",,,,way
"Am Elbblick",,,,way
"Am Elbtalweg",,,,way
"Am Ende",,,,way
"Am Erlengrund",,,,way
"Am Erlichberg",,,,way
"Am Erlicht",,,,way
"Am Fährhaus",,,,way
"Am Feld",,,,way
"Am Feldgehölz",,,,way
"Am Feldrain",,,,way
"Am Feldweg",,,,way
"Am Festspielhaus",,,,way
"Am Fichtepark",,,,way
"Am Finkenschlag",,,,way
"Am Flössertgraben",,,,way
"Am Flügel",,,,way
"Am Forsthaus",,,,way
"Am Friedenshang",,,,way
"Am Friedhof",,,,way
"Am Fuchsbau",,,,way
"Am Fuchsberg",,,,way
"Am Galgenberg",,,,way
"Am Gänsefuß",,,,way
"Am Gärtchen",,,,way
"Am Gassenberg",,,,way
"Am Geberbach",,,,way
"Am Ginsterbusch",,,,way
"Am Goldenen Stiefel",,,,way
"Am Gorbitzbach",,,,way
"Am Graben",,,,way
"Am Grund",,,,way
"Am Grünen Grund",,,,way
"Am Grünen Zipfel",,,,way
"Am Grüngürtel",,,,way
"Am Gückelsberg",,,,way
"Am Gutsberg",,,,way
"Am Hahnweg",,,,way
"Am Hang",,,,way
"Am Hauptbahnhof",,,,way
"Am Hausberg",,,,way
"Am Hegereiter",,,,way
"Am Heidehof",,,,way
"Am Heiderand",,,,way
"Am Helfenberger Park",,,,way
"Am Hellerhof",,,,way
"Am Hellerrand",,,,way
"Am Hermsberg",,,,way
"Am Hochwald",,,,way
"Am Hofefeld",,,,way
"Am Hofegarten",,,,way
"Am Hofgut",,,,way
"Am Hohen Rain",,,,way
"Am Hohen Stein",,,,way
"Am Hopfenfeld",,,,way
"Am Hornsberg",,,,way
"Am Hügel",,,,way
"Am Hutberg",,,,way
"Am Jägerpark",,,,way
"Am Jochhöh",,,,way
"Am Kaditzer Tännicht",,,,way
"Am Kammerholz",,,,way
"Am Keppschloß",,,,way
"Am Kesselgrund",,,,way
"Am Kirchberg",,,,way
"Am Kirschberg",,,,way
"Am Kirschfeld",,,,way
"Am Kirschplan",,,,way
"Am Klosterhof",,,,way
"Am Knie",,,,way
"Am Kohlenplatz",,,,way
"Am Kornfeld",,,,way
"Am Krähenhügel",,,,way
"Am Kronenhügel",,,,way
"Am Kulturheim",,,,way
"Am Kurhaus Bühlau",,,,way
"Am Lagerplatz",,,,way
"Am Landgraben",,,,way
"Am Landigt",,,,way
"Am Lärchenholz",,,,way
"Am Lehmberg",,,,way
"Am Lehmhaus",,,,way
"Am Lerchenberg",,,,way
"Am Leutewitzer Park",,,,way
"Am Lindenberg",,,,way
"Am Lockwitzbach",,,,way
"Am Luftbad",,,,way
"Am Lugaer Graben",,,,way
"Am Marienbad",,,,way
"Am Martiniweg",,,,way
"Am Mieschenhang",,,,way
"Am Mitteltännicht",,,,way
"Am Mittelwald",,,,way
"Am Mühlberg",,,,way
"Am Nilgenborn",,,,way
"Am Nöthnitzgrund",,,,way
"Am Nussbaum",,,,way
"Am Olter",,,,way
"Am Osterberg",,,,way
"Am Park",,,,way
"Am Parkplatz",,,,way
"Am Pfaffenberg",,,,way
"Am Pfarrlehn",,,,way
"Am Pfeiferberg",,,,way
"Am Pfiff",,,,way
"Am Pillnitzberg",,,,way
"Am Pilz",,,,way
"Am Plan",,,,way
"Am Preßgrund",,,,way
"Am Promigberg",,,,way
"Am Putjatinpark",,,,way
"Am Queckbrunnen",,,,way
"Am Querfeld",,,,way
"Am Querweg",,,,way
"Am Rainchen",,,,way
"Am Rande",,,,way
"Am Rasen",,,,way
"Am Rathaus",,,,way
"Am Rausch",,,,way
"Am Rittergut",,,,way
"Am Roßthaler Bach",,,,way
"Am Sägewerk",,,,way
"Am Sand",,,,way
"Am Sandberg",,,,way
"Am Sandweg",,,,way
"Am Schänkenberg",,,,way
"Am Schießhaus",,,,way
"Am Schillergarten",,,,way
"Am Schleiferberg",,,,way
"Am Schloß",,,,way
"Am Schreiberbach",,,,way
"Am Schulfeld",,,,way
"Am Schulholz",,,,way
"Am Schullwitzbach",,,,way
"Am Schützenfelde",,,,way
"Am Schwarzen Tor",,,,way
"Am See",,,,way
"Am Seegraben",,,,way
"Am Seifzerbach",,,,way
"Am Sonnenhang",,,,way
"Am Spartenheim",,,,way
"Am Spitzberg",,,,way
"Am Sportplatz",,,,way
"Am Spritzenberg",,,,way
"Am Stadtrand",,,,way
"Am Staffelstein",,,,way
"Am Stausee",,,,way
"Am Steilhang",,,,way
"Am Steinacker",,,,way
"Am Steinberg",,,,way
"Am Steinborn",,,,way
"Am Steinbruch",,,,way
"Am Steinhübel",,,,way
"Am Steinigt",,,,way
"Am Stieglitzgrund",,,,way
"Am Tälchen",,,,way
"Am Talkenberg",,,,way
"Am Teich",,,,way
"Am Tiefen Grund",,,,way
"Am Torbogen",,,,way
"Am Torfmoor",,,,way
"Am Trachauer Bahnhof",,,,way
"Am Triebenberg",,,,way
"Am Trobischberg",,,,way
"Am Trutzsch",,,,way
"Am Tummelsgrund",,,,way
"Am Urnenfeld",,,,way
"Am Vereinshaus",,,,way
"Am Viertelacker",,,,way
"Am Vorwerksfeld",,,,way
"Am Wachwitzer Höhenpark",,,,way
"Am Wald",,,,way
"Am Waldblick",,,,way
"Am Wäldchen",,,,way
"Am Walde",,,,way
"Am Waldrand",,,,way
"Am Waldschlößchen",,,,way
"Am Wasserturm",,,,way
"Am Wasserwerk",,,,way
"Am Wehr",,,,way
"Am Weinberg",,,,way
"Am Weißen Adler",,,,way
"Am Weißeritzmühlgraben",,,,way
"Am Weißiger Bach",,,,way
"Am Werk",,,,way
"Am Wetterbusch",,,,way
"Am Wiesenrand",,,,way
"Am Wiesental",,,,way
"Am Winkel",,,,way
"Am Winkelsprung",,,,way
"Am Wochenende",,,,way
"Am Zaukenfeld",,,,way
"Am Ziegenberg",,,,way
"Am Zollhaus",,,,way
"Am Zschoner Berg",,,,way
"Am Zschonergrund",,,,way
"Am Zuckerhut",,,,way
"Am Zwingerteich",,,,way
Amaryllenweg,,,,way
Amselgasse,,,,way
Amselgrund,,,,way
Amselsteg,,,,way
Amselweg,,,,way
Amtsstraße,,,,way
"An den Alten Gärtnereien",,,,way
"An den Bächen",,,,way
"An den Birken",,,,way
"An den Bruchwiesen",,,,way
"An den Ellerwiesen",,,,way
"An den Fichten",,,,way
"An den Folgen",,,,way
"An den Garagen",,,,way
"An den Gärten",,,,way
"An den Hufen",,,,way
"An den Jagdwegen",,,,way
"An den Kalköfen",,,,way
"An den Kiefern",,,,way
"An den Kuhbergen",,,,way
"An den Ruschewiesen",,,,way
"An den Teichen",,,,way
"An den Teichwiesen",,,,way
"An den Winkelwiesen",,,,way
"An der Aue",,,,way
"An der Autobahn",,,,way
"An der Bartlake",,,,way
"An der Bergkuppe",,,,way
"An der Berglehne",,,,way
"An der Böschung",,,,way
"An der Bruchwand",,,,way
"An der Christuskirche",,,,way
"An der Dreikönigskirche",,,,way
"An der Dürren Heide",,,,way
"An der Eisenbahn",,,,way
"An der Elbaue",,,,way
"An der Flutrinne",,,,way
"An der Försterei",,,,way
"An der Frauenkirche",,,,relation+way
"An der Gärtnerei",,,,way
"An der Heide",,,,way
"An der Heilandskirche",,,,way
"An der Höhe",,,,way
"An der Hufe",,,,way
"An der Huhle",,,,way
"An der Jungen Heide",,,,way
"An der Kirschwiese",,,,way
"An der Kreuzkirche",,,,way
"An der Kucksche",,,,way
"An der Kümmelschenke",,,,way
"An der Lehmkuhle",,,,way
"An der Linde",,,,way
"An der Malte",,,,way
"An der Mauer",,,,way
"An der Niedermühle",,,,way
"An der Niederung",,,,way
"An der Nordsiedlung",,,,way
"An der Obermühle",,,,way
"An der Obstplantage",,,,way
"An der Ölmühle",,,,way
"An der Pikardie",,,,way
"An der Prießnitz",,,,way
"An der Prießnitzaue",,,,way
"An der Reitanlage",,,,way
"An der Rennbahn",,,,way
"An der Rodelbahn",,,,way
"An der Rysselkuppe",,,,way
"An der Schäferei",,,,way
"An der Schanze",,,,way
"An der Schiffswerft",,,,way
"An der Schleife",,,,way
"An der Schleifscheibe",,,,way
"An der Schloßgärtnerei",,,,way
"An der Schmiede",,,,way
"An der Schule",,,,way
"An der Siedlung",,,,way
"An der Sonnenlehne",,,,way
"An der Südlehne",,,,way
"An der Telle",,,,way
"An der Wasserschöpfe",,,,way
"An der Winkelwiese",,,,way
Andersbrücke,,,,way
Anemonenweg,,,,way
Angelsteg,,,,way
Anker,,,,way
"Anker / Hämmerchen",,,,way
Ankerstraße,,,,way
"Annaberger Straße",,,,way
Archivstraße,,,,way
Arkonastraße,,,,way
Aspichring,,,,way
Asternweg,,,,way
Auenstraße,,,,way
Auenweg,,,,way
"Auf dem Eigen",,,,way
"Auf dem Meisenberg",,,,way
"Auf dem Pläner",,,,way
"Auf dem Sand",,,,way
"Auf der Höhe",,,,way
"Auf der Scheibe",,,,way
"Auf der Scholle",,,,way
"Aufgang Lingnerschloß",,,,way
"Aufstieg zur Ludensruh",,,,way
"Augsburger Straße",,,,way
Augustusbergstraße,,,,way
Augustusweg,,,,way
"Aussiger Straße",,,,way
Ava-Maria-Steig,,,,way
Azaleenweg,,,,way
B,,,,way
B6n,,,,way
"Babisnauer Straße",,,,way
Bachstraße,,,,way
Bachweg,,,,way
Bäckergasse,,,,way
Bäckerweg,,,,way
Badstraße,,,,way
Badweg,,,,way
Bahnhäuser,,,,way
Bahnhofstraße,,,,way
Bahnstraße,,,,way
Bahnweg,,,,way
"Bahnweg / Hakenweg",,,,way
"Bamberger Straße",,,,way
"Bannewitzer Straße",,,,way
"Bansiner Straße",,,,way
"Bärenburger Weg",,,,way
"Bärenklauser Straße",,,,way
"Bärensteiner Straße",,,,way
Barfußweg,,,,way
"Bärnsdorfer Straße",,,,way
"Bärwalder Straße",,,,way
Bärwiesenweg,,,,way
Basteiplatz,,,,way
Basteistraße,,,,way
Bastion,,,,way
Bauernweg,,,,way
Bauhofstraße,,,,way
Baumschulenweg,,,,way
Baumstraße,,,,way
Baumwiesenweg,,,,way
Baumzeile,,,,way
"Bautzner Landstraße",,,,way
"Bautzner Straße",,,,way
"Bayreuther Straße",,,,way
"Bayrische Straße",,,,way
Beerenhut,,,,way
"Beim Gräbchen",,,,way
"Berbisdorfer Straße",,,,way
"Berchtesgadener Straße",,,,way
Bergahornweg,,,,way
Bergbahnstraße,,,,way
Bergfelderweg,,,,way
Berggartenstraße,,,,way
Berggasse,,,,way
"Berggießhübler Straße",,,,way
Berggut,,,,way
Bergquellweg,,,,way
Bergsiedlung,,,,way
Bergstraße,,,,way
Bergweg,,,,way
"Berliner Straße",,,,way
"Berthelsdorfer Weg",,,,way
"Berzdorfer Straße",,,,way
Beskidenstraße,,,,way
Bielatalweg,,,,way
Bienerttunnel,,,,way
Bierweg,,,,way
"Binger Straße",,,,way
Binsenweg,,,,way
"Binzer Weg",,,,way
"Birkenhainer Straße",,,,way
Birkenstraße,,,,way
Birkenweg,,,,way
Birkenwinkel,,,,way
"Birkigter Hang",,,,way
"Birkigter Straße",,,,way
"Birkwitzer Weg",,,,way
Birnenweg,,,,way
Bischofsplatz,,,,way
Bischofsweg,,,,way
"Bischofswerder Straße",,,,way
"Blankensteiner Straße",,,,way
"Blasewitzer Straße",,,,way
Blumengäßchen,,,,way
Blumenweg,,,,way
Blümpenweg,,,,way
"Bodenbacher Straße",,,,way
"Boderitzer Straße",,,,way
"Böhmische Straße",,,,way
Bohnenallee,,,,way
"Boltenhagener Platz",,,,way
"Boltenhagener Straße",,,,way
"Bonner Straße",,,,way
"Bonnewitzer Weg",,,,way
"Bornaer Weg",,,,way
Börnerweg,,,,way
Borngäßchen,,,,way
Borngraben,,,,way
Borsbergblick,,,,way
Borsbergblickweg,,,,way
Borsbergstraße,,,,way
Borsbergtrail,,,,way
BorsiDH,,,,way
"Borthener Straße",,,,way
"Bosewitzer Straße",,,,way
"Boxberger Straße",,,,way
"Boxdorfer Straße",,,,way
"Boxdorfer Weg",,,,way
"Bozener Weg",,,,way
"Brabschützer Straße",,,,way
Bramschweg,,,,way
Brandstraße,,,,way
Brauereistraße,,,,way
Brauergasse,,,,way
Bräuergasse,,,,way
Braugäßchen,,,,way
"Braunschweiger Straße",,,,way
"Braunsdorfer Straße",,,,way
"Bregenzer Weg",,,,way
"Breitenauer Straße",,,,way
"Bremer Straße",,,,way
Brettmühlenweg,,,,way
"Briesnitzer Höhe",,,,way
Brille,,,,way
"Brixener Straße",,,,way
"Brockwitzer Straße",,,,way
Brombeerweg,,,,way
"Brücke 1",,,,way
"Brücke 10",,,,way
"Brücke 11",,,,way
"Brücke 12",,,,way
"Brücke 14",,,,way
"Brücke 15",,,,way
"Brücke 17",,,,way
"Brücke 18",,,,way
"Brücke 2",,,,way
"Brücke 20",,,,way
"Brücke 3",,,,way
"Brücke 4",,,,way
"Brücke 5",,,,way
"Brücke 6",,,,way
"Brücke 7",,,,way
"Brücke 9",,,,way
Brückenstraße,,,,way
Brückenweg,,,,way
"Brühler Straße",,,,way
"Brühlsche Terrasse",,,,relation
"Brühlscher Garten",,,,way
Brunnenstraße,,,,way
Brunnenweg,,,,way
"Brünner Straße",,,,way
Buchenhain,,,,way
Buchenstraße,,,,way
Buchenweg,,,,way
"Buchholzer Straße",,,,way
Buchsbaumstraße,,,,way
"Budapester Straße",,,,way
"Bühlauer Schützensteig",,,,way
"Bühlauer Straße",,,,way
Buhnenstraße,,,,way
Bünaustraße,,,,way
"Bunte Ecke",,,,way
Burgenlandstraße,,,,way
Bürgerstraße,,,,way
Bürgerwiese,,,,way
"Burgker Straße (1)",,,,way
"Burgstädteler Straße",,,,way
Burgwartstraße,,,,way
"Burkersdorfer Weg",,,,way
Buschweg,,,,way
Bussardweg,,,,way
C,,,,way
"C / Hämmerchen",,,,way
"C / Kreuz 6",,,,way
"C; Mühlweg",,,,way
Cäcilienstraße,,,,way
"Cämmerswalder Straße",,,,way
Chausseehausstraße,,,,way
"Chemnitzer Straße",,,,way
Chrysanthemenweg,,,,way
"City Center Passage",,,,way
Collmweg,,,,way
"Colmnitzer Straße",,,,way
Comeniusstraße,,,,way
"Copitzer Straße",,,,way
Coschütz,,,,way
"Coschützer Hang",,,,way
"Coschützer Höhe",,,,way
"Coschützer Straße",,,,way
"Cossebauder Straße",,,,way
"Cossebauder Weg",,,,way
Costika-Verschneidung,,,,way
"Coswiger Straße",,,,way
"Cottaer Straße",,,,way
"Cottbuser Straße",,,,way
Coventrystraße,,,,way
"Crostauer Weg",,,,way
"Crottendorfer Straße",,,,way
"Cunewalder Straße",,,,way
"Cunnersdorfer Straße",,,,way
"Cunnersdorfer Weg",,,,way
Daheimweg,,,,way
"Dahlener Straße",,,,way
Dahlienweg,,,,way
Dammstraße,,,,way
Dammweg,,,,way
Dampfschiffstraße,,,,way
"Darmstädter Straße",,,,way
"Deubener Straße",,,,way
Diakonissenweg,,,,way
Diebsteig,,,,way
"Diebsteig / 18",,,,way
Diebsweg,,,,way
Diebweg,,,,way
"Dippelsdorfer Straße",,,,way
"Dippoldiswalder Platz",,,,way
"Dittersbacher Straße",,,,way
"Dittersdorfer Straße",,,,way
"Döbelner Straße",,,,way
"Döbraer Straße",,,,way
"Dobritzer Straße",,,,way
"Dobritzer Weg",,,,way
"Döhlener Straße",,,,way
"Dohnaer Platz",,,,way
"Dohnaer Straße",,,,way
"Dölzschener Ring",,,,way
"Dölzschener Straße",,,,way
"Doppel E",,,,way
"Dorfhainer Straße",,,,way
Dorfplatz,,,,way
"Dorfplatz Altsöbrigen",,,,way
Dorfplatz-Brabschütz,,,,way
Dorfstraße,,,,way
Dörnichtweg,,,,way
Drachenschlucht,,,,way
Drei-Häuser-Weg,,,,way
Dreibörnerweg,,,,way
Drescherhäuser,,,,way
"Dresdener Straße",,,,way
"Dresdner Straße",,,,way
"Dritter Hutungsweg",,,,way
Drosselweg,,,,way
"Düsseldorfer Straße",,,,way
E-Flügel,,,,way
"E-Flügel / Kreuzringelweg",,,,way
"E-Flügel / Kuhschwanz",,,,way
E-Flügel/Kuhschwanz,,,,way
Ebereschenstraße,,,,way
Ebereschenweg,,,,way
"Ebersbacher Weg",,,,way
"Eberswalder Straße",,,,way
Eggeholzweg,,,,way
"Ehem. Todweg",,,,way
"Eibauer Straße",,,,way
"Eibenstocker Straße",,,,way
Eichbergstraße,,,,way
"Eichbuscher Ring",,,,way
"Eichbuscher Straße",,,,way
Eichbuschweg,,,,way
"Eichen am Schöpsdamm",,,,way
Eichendorffsteig,,,,way
Eichgartenweg,,,,way
Eichhörnchenweg,,,,way
Eichigtweg,,,,way
Eichstraße,,,,way
Eichweg,,,,way
Eifelweg,,,,way
Eigenheimberg,,,,way
Eigenheimring,,,,way
Eigenheimstraße,,,,way
Eigenheimweg,,,,way
Eigenhufe,,,,way
"Eilenburger Straße",,,,way
"Eisenacher Straße",,,,way
Eisenbahnstraße,,,,way
"Eisenberger Straße",,,,way
"Eisenstädter Weg",,,,way
Elbbrückenstraße,,,,way
Elbepark,,,,way
Elberadweg,,,,way
Elbeweg,,,,way
Elbezweigbahn,,,,way
"Elbgrundweg Ost",,,,way
"Elbgrundweg West",,,,way
Elbhangblick,,,,way
Elbhangstraße,,,,way
Elbstraße,,,,way
Elbtalblick,,,,way
Elbvillenweg,,,,way
Elchweg,,,,way
Elisenstraße,,,,way
Elsternstraße,,,,way
Elsterweg,,,,way
"Elsterwerdaer Straße",,,,way
Engelweg,,,,way
"Eppendorfer Weg",,,,way
"Erfurter Straße",,,,way
Erich-Hanisch-Straße,,,,way
Erikaweg,,,,way
"Erkmannsdorfer Straße",,,,way
Erlenstraße,,,,way
Erlenweg,,,,way
Erntegäßchen,,,,way
"Erster Hutungsweg",,,,way
"Erster Mittelweg",,,,way
"Eschdorfer Bergstraße",,,,way
"Eschdorfer Straße",,,,way
Eschengrundweg,,,,way
Eschenstraße,,,,way
Espenstraße,,,,way
"Essener Straße",,,,way
Euryantheweg,,,,way
"Eutschützer Straße",,,,way
F,,,,way
F-Flügel,,,,way
Fabrikstraße,,,,way
Fährgasse,,,,way
Fährgäßchen,,,,way
Fährstraße,,,,way
"Falkenhainer Straße",,,,way
Falkensteinplatz,,,,way
Falkenstraße,,,,way
Falkenweg,,,,way
Farnweg,,,,way
Fehrmannweg,,,,way
Feldgasse,,,,way
"Feldkirchner Weg",,,,way
Feldschlößchenstraße,,,,way
Feldstraße,,,,way
Feldweg,,,,way
Felsenkellerstraße,,,,way
Felsenweg,,,,way
Fensterchen,,,,way
Ferdinandstraße,,,,way
Fernsehturmstraße,,,,way
"Festspielhaus Hellerau",,,,way
Fichtenstraße,,,,way
Finkensteig,,,,way
Finkenweg,,,,way
"Finsterwalder Straße",,,,way
Firstenweg,,,,way
Fischhausstraße,,,,way
Fleischerweg,,,,way
"Flensburger Straße",,,,way
Fliederberg,,,,way
Fliederweg,,,,way
Florastraße,,,,way
Floriangasse,,,,way
Florianstraße,,,,way
Flößerstraße,,,,way
Floßhof-Terrasse,,,,way
Floßhofstraße,,,,way
"Flügel C",,,,way
Flügelweg,,,,way
Flügelwegbrücke,,,,way
Flughafenstraße,,,,way
Flurstraße,,,,way
Föhrenstraße,,,,way
Förstereistraße,,,,way
"Forsthaus Baumwiese",,,,way
Forsthausstraße,,,,way
Forstmeister-Vogel-Weg,,,,way
Forststraße,,,,way
Forsythienstraße,,,,way
Frankenbergstraße,,,,way
Frankenstraße,,,,way
"Frankfurter Straße",,,,way
"Frauensteiner Platz",,,,way
Frauenstraße,,,,way
"Freiberger Platz",,,,way
"Freiberger Straße",,,,way
"Freigut Eschdorf",,,,way
Freiheit,,,,way
Freischützstraße,,,,way
"Freitaler Straße",,,,way
"Freitreppe Schloß Pillnitz",,,,way
Freundschaftsring,,,,way
"Friedebacher Straße",,,,way
Friedensallee,,,,way
Friedensplatz,,,,way
Friedensstraße,,,,way
Friederike-Beier-Weg,,,,way
"Friedersdorfer Waldweg",,,,way
"Friedersdorfer Weg",,,,way
"Friedewalder Straße",,,,way
"Friedewalder Weg",,,,way
Friedhofstraße,,,,way
Friedhofsweg,,,,way
Friedrichsgrund,,,,way
"Friedrichswalder Straße",,,,way
"Friesacher Weg",,,,way
"Frohe Zukunft",,,,way
Frühlingstraße,,,,way
Fuchsbergstraße,,,,way
Fuchslochweg,,,,way
Fünf-Brüder-Weg,,,,way
Fünfbrunnenweg,,,,way
Fürstenallee,,,,way
"Fürstenhainer Straße",,,,way
"Fürstenwalder Straße",,,,way
G-Flügel,,,,way
Gabel,,,,way
Gabelweg,,,,way
"Gadelsdorfer Weg",,,,way
Galeriestraße,,,,way
Gambrinusstraße,,,,way
Gamigstraße,,,,way
"Gang 1",,,,way
"Gang 2",,,,way
"Gang 3",,,,way
"Gang 4",,,,way
Gänsefuß,,,,way
Garbenweg,,,,way
Gartenheimallee,,,,way
Gartenheimsteg,,,,way
Gartenstraße,,,,way
Gartenweg,,,,way
Gärtnereistraße,,,,way
Gärtnerweg,,,,way
Gasanstaltstraße,,,,way
Gasse,,,,way
Gassenweg,,,,way
"Gasteiner Straße",,,,way
"Gaustritzer Straße",,,,way
"Gebauter Kannenhenkel",,,,way
Gebergrundweg,,,,way
Geierweg,,,,way
Geisingstraße,,,,way
Georginenweg,,,,way
"Gerader Steg",,,,way
Geranienweg,,,,way
Gerhard-Löwe-Weg,,,,way
Gerichtsstraße,,,,way
"Gersdorfer Weg",,,,way
Gewandhausstraße,,,,way
Gewerbepark,,,,way
Geyersgraben,,,,way
"Gießener Straße",,,,way
Gimpelweg,,,,way
Ginsterstraße,,,,way
Gitterseebrücke,,,,way
Gitterseestraße,,,,way
Glacisstraße,,,,way
"Glashütter Straße",,,,way
"Glauchauer Straße",,,,way
"Gleinaer Straße",,,,way
Glück-Auf-Weg,,,,way
"Gmünder Straße",,,,way
"Gnaschwitzer Straße",,,,way
Gnomenstieg,,,,way
"Gohliser Straße",,,,way
"Gohliser Weg",,,,way
"Göhrener Weg",,,,way
Gohrischstraße,,,,way
"Golberoder Straße",,,,way
Goldammerweg,,,,way
"Gombsener Straße",,,,way
"Gomlitzer Höhe",,,,way
"Gomlitzer Querweg",,,,way
"Gommernsche Straße",,,,way
"Gompitzer Hang",,,,way
"Gompitzer Höhe",,,,way
"Gompitzer Straße",,,,way
"Gompitzer Wirtschaftsweg",,,,way
Gondelweg,,,,way
"Gönnsdorfer Straße",,,,way
"Gönnsdorfer Weg",,,,way
"Goppelner Hauptstraße",,,,way
"Goppelner Straße",,,,way
"Göppersdorfer Weg",,,,way
"Gorbitzer Straße",,,,way
"Gorknitzer Straße",,,,way
"Görlitzer Straße",,,,way
"Gostritzer Straße",,,,way
"Gostritzer Weg",,,,way
"Gothaer Straße",,,,way
Gottfried-Keller-Straße,,,,way
"Gottleubaer Straße",,,,way
Gräbchenweg,,,,way
Grabenwinkel,,,,way
"Granitzer Weg",,,,way
Grasweg,,,,way
Gratweg,,,,way
"Graupaer Straße",,,,way
"Grazer Straße",,,,way
"Greifswalder Straße",,,,way
Grenzallee,,,,way
Grenzstraße,,,,way
Grenzweg,,,,way
"Grillenburger Straße",,,,way
Grillparzerstraße,,,,way
"Grimmaische Straße",,,,way
"Große Meißner Straße",,,,way
"Große Plauensche Straße",,,,way
"Großenhainer Platz",,,,way
"Großenhainer Straße",,,,way
Großglocknerstraße,,,,way
"Großgraupaer Kirchweg",,,,way
"Großröhrsdorfer Straße",,,,way
"Großschönauer Straße",,,,way
"Großsedlitzer Weg",,,,way
Großteichdamm,,,,way
"Großzschachwitzer Straße",,,,way
Grotkarstweg,,,,way
Grubenweg,,,,way
"Grumbacher Straße",,,,way
"Grunaer Straße",,,,way
"Grunaer Weg",,,,way
Grunaweg,,,,way
"Grünberger Straße",,,,way
Gründelsteig,,,,way
Grundstraße,,,,way
Grundweg,,,,way
"Grüne Aue",,,,way
"Grüne Hoffnung",,,,way
"Grüne Straße",,,,way
"Grüne Telle",,,,way
"Grüner Steig",,,,way
"Grüner Weg",,,,way
Grünwinkel,,,,way
Grutzschgenweg,,,,way
"Gubener Straße",,,,way
Gucksbergweg,,,,way
Güntzstraße,,,,way
Gustav-Adolf-Straße,,,,way
Güterbahnhofstraße,,,,way
Gutsfeld,,,,way
Guttenweg,,,,way
H-Flügel,,,,way
"H-Flügel/Alte 2",,,,way
"HB- oder Dreibörnerweg",,,,way
HG-Weg,,,,way
Habichtweg,,,,way
Haenel-Clauß-Straße,,,,way
Hafenbrücke,,,,way
Hafenstraße,,,,way
Hafenweg,,,,way
Hagebuttenweg,,,,way
Hahnebergstraße,,,,way
Hähnelweg,,,,way
Hähneweg,,,,way
Hainbuchenstraße,,,,way
Hainbuchenweg,,,,way
"Hainewalder Straße",,,,way
"Hainichener Straße",,,,way
"Hainsberger Straße",,,,way
Hainstraße,,,,way
Hainweg,,,,way
Hakenweg,,,,way
Halbkreisstraße,,,,way
Halbmond,,,,way
"Hallesche Straße",,,,way
"Hallstätter Straße",,,,way
"Hamburger Straße",,,,way
Hammeraue,,,,way
Hämmerchen,,,,way
"Hämmerchen, das harte T",,,,way
Hammerweg,,,,way
Hangweg,,,,way
Hansastraße,,,,way
Härtelweg,,,,way
"Harthaer Straße",,,,way
Hasenberg,,,,way
Hasengasse,,,,way
"Hässige Straße",,,,way
"Haufes Berg",,,,way
Hauptallee,,,,way
Hauptstraße,,,,relation+way
Hauptweg,,,,way
Hausbergstraße,,,,way
"Hausdorfer Straße",,,,way
Hausdurchgang,,,,way
Hebbelstraße,,,,way
Hechtstraße,,,,way
Heckenrosenweg,,,,way
Heckenweg,,,,way
Hegereiterbrücke,,,,way
Hegereiterstraße,,,,way
Heideblick,,,,way
Heideflügel,,,,way
Heidefriedhof,,,,way
Heidehof,,,,relation
"Heidelberger Straße",,,,way
Heidemühlweg,,,,way
"Heidenauer Straße",,,,way
Heidenschanze,,,,way
Heideparkstraße,,,,way
Heiderandweg,,,,way
Heidestraße,,,,way
Heideweg,,,,way
"Heilbronner Straße",,,,way
Heiligenbornstraße,,,,way
Heiligenbornweg,,,,way
Heilstättenweg,,,,way
Heimgarten,,,,way
Heimkehr,,,,way
Heimstattweg,,,,way
Heimstraße,,,,way
"Helbigsdorfer Weg",,,,way
"Helfenberger Grund",,,,way
"Helfenberger Straße",,,,way
"Helfenberger Weg",,,,way
Helgolandstraße,,,,way
"Hellendorfer Straße",,,,way
"Hellerauer Straße",,,,way
Hellerhofstraße,,,,way
Hellerschanze,,,,way
Hellerstraße,,,,way
"Hennersdorfer Weg",,,,way
Hepkestraße,,,,way
Herbststraße,,,,way
Herderbrücke,,,,way
Herkulesallee,,,,way
Herkulesstraße,,,,way
Hermann-Hesse-Straße,,,,way
"Hermannstädter Straße",,,,way
Hermannstraße,,,,way
"Hermsdorfer Allee",,,,way
"Hermsdorfer Straße",,,,way
Herrenbergstraße,,,,way
"Hersfelder Straße",,,,way
"Herzberger Straße",,,,way
"Herzogswalder Straße",,,,way
"Hetzdorfer Straße",,,,way
"Hildesheimer Straße",,,,way
Himmelsleiter,,,,way
"Hirschbacher Weg",,,,way
"Hirschfelder Straße",,,,way
Hirschleite,,,,way
Hirschstängel,,,,way
Hirtenstraße,,,,way
Hirtenweg,,,,way
Hochlandstraße,,,,way
Hochschulstraße,,,,way
"Hochwasserschutzbecken Kaitzbach 2",,,,way
"Höckendorfer Weg",,,,way
Hockeyweg,,,,way
Hocksteinstraße,,,,way
"Hof der Elemente",,,,way
"Hof der Fabelwesen",,,,way
"Hof der Metamorphosen",,,,way
"Hof der Tiere",,,,way
"Hof des Lichts",,,,way
Hofmannstraße,,,,way
Hofmühlenstraße,,,,way
Hofwiesenstraße,,,,way
"Hohe Leite",,,,way
"Hohe Straße",,,,way
"Hohendölzschener Straße",,,,way
Hohenplauen,,,,way
Höhenpromenade,,,,way
Höhenweg,,,,way
"Hoher Rand",,,,way
"Hoher Steig",,,,way
"Hoher Weg",,,,way
"Hohle Gasse",,,,way
"Hohles Tor",,,,way
Hohlweg,,,,way
"Hohnsteiner Straße",,,,way
"Holsteiner Straße",,,,way
Holunderweg,,,,way
Holzgrund,,,,way
Holzhofgasse,,,,way
Hopfenweg,,,,way
Hopfgartenstraße,,,,way
Hörnchenweg,,,,way
Hornweg,,,,way
Hospitalstraße,,,,way
"Hosterwitzer Straße",,,,way
"Hoyerswerdaer Straße",,,,way
Hubertusstraße,,,,way
Hüblerstraße,,,,way
Hüfnerweg,,,,way
"Hühndorfer Straße",,,,way
"Hühndorfer Weg",,,,way
"Hultschiner Straße",,,,way
Hutbergstraße,,,,way
Hütchen,,,,way
Hüttenweg,,,,way
Hyazintenweg,,,,way
Igelpfad,,,,way
"Iglauer Straße",,,,way
"Ilmenauer Straße",,,,way
"Im Stillen Winkel",,,,way
Industriestraße,,,,way
"Innsbrucker Straße",,,,way
Inselblick,,,,way
Inselstraße,,,,way
Institutsgasse,,,,way
Irisweg,,,,way
"Ischler Straße",,,,way
Isfriedstraße,,,,way
Jagdflügel,,,,way
Jagdweg,,,,way
JagdwegTrail,,,,way
Jägerpark,,,,way
Jägerstraße,,,,way
Jahnstiege,,,,way
Jakobsgasse,,,,way
Jasminweg,,,,way
"Jessener Straße",,,,way
Jochhöh,,,,way
Johannesweg,,,,way
"Johnsbacher Weg",,,,way
"Jonsdorfer Straße",,,,way
Jubiläumsstraße,,,,way
Jüdenhof,,,,relation+way
Juliusweg,,,,way
Jungfernsteig,,,,way
"Kaditzer Straße",,,,way
Kahlebergstraße,,,,way
Kaitzbachweg,,,,way
"Kaitzer Straße",,,,way
"Kaitzer Weinberg",,,,way
Kaitzgrund,,,,way
"Kalkreuther Straße",,,,way
Kalmusring,,,,way
Kamelienweg,,,,way
"Kamenzer Straße",,,,way
Kameradenweg,,,,way
Kamillenweg,,,,way
Kanalweg,,,,way
Kannenhenkel,,,,way
"Kannenhenkel / Alte 2",,,,way
Kanzleigäßchen,,,,way
Kapellenweg,,,,way
"Karlshagener Weg",,,,way
"Karlsruher Straße",,,,way
"Kärntner Weg",,,,way
Karpatenstraße,,,,way
Karschmühlenblick,,,,way
"Kasseler Straße",,,,way
Kastanienallee,,,,way
Kastanienstraße,,,,way
Kastanienweg,,,,way
Kathenweg,,,,way
Katzensprung,,,,way
Katzensteig,,,,way
Katzsteinstraße,,,,way
"Kaufbacher Straße",,,,way
"Kaufbacher Weg",,,,way
"Kauschaer Straße",,,,way
"Kautzscher Straße",,,,way
Kellersteig,,,,way
"Kellersteig / Todweg",,,,way
Keppgrund,,,,way
Keppgrundstraße,,,,way
Keppgrundweg,,,,way
Kerbtälchen,,,,way
"Kesselsdorfer Straße",,,,way
Keulenbergstraße,,,,way
Kiefernstraße,,,,way
Kiefernweg,,,,way
"Kieler Straße",,,,way
Kinderhortstraße,,,,way
"Kipsdorfer Straße",,,,way
"Kipsdorfer Weg",,,,way
Kirchenweg,,,,way
Kirchgasse,,,,way
Kirchplatz,,,,way
Kirchsteig,,,,way
Kirchstraße,,,,way
Kirschallee,,,,way
"Kirschauer Straße",,,,way
Kirschenstraße,,,,way
Kirschweg,,,,way
"Kitzbühler Straße",,,,way
"Klagenfurter Straße",,,,way
"Klausenburger Straße",,,,way
"Klebaer Straße",,,,way
Kleiberweg,,,,way
"Kleinborthener Straße",,,,way
"Kleincarsdorfer Straße",,,,way
"Kleine 8",,,,way
"Kleine Brüdergasse",,,,way
"Kleine Feldgasse",,,,way
"Kleine Kirchgasse",,,,way
"Kleine Marienbrücke",,,,way
"Kleine Packhofstraße",,,,way
"Kleine Straße",,,,way
"Kleiner Weg",,,,way
Kleinhausweg,,,,way
"Kleinlugaer Straße",,,,way
"Kleinnaundorfer Straße",,,,way
Kleinsiedlerweg,,,,way
Kleinsteinstraße,,,,way
"Kleinzschachwitzer Straße",,,,way
"Kleinzschachwitzer Ufer",,,,way
"Klingenberger Straße",,,,way
"Klipphausener Straße",,,,way
Klosterteichplatz,,,,way
"Klotzscher Berglehne",,,,way
"Klotzscher Hauptstraße",,,,way
"Klotzscher Straße",,,,way
"Klotzscher Weg",,,,way
"Knappsdorfer Straße",,,,way
"Koblenzer Straße",,,,way
Kohlbergstraße,,,,way
Kohlenstraße,,,,way
Kohlgraben,,,,way
"Kohlsdorfer Landstraße",,,,way
"Kohlsdorfer Straße",,,,way
"Kohlsdorfer Weg",,,,way
"Kölner Straße",,,,way
Koloniestraße,,,,way
"Königsberger Straße",,,,way
"Königsbrücker Landstraße",,,,way
"Königsbrücker Platz",,,,way
"Königsbrücker Straße",,,,way
Königsplatz,,,,way
Königsteinstraße,,,,way
Königswaldplatz,,,,way
Königsweg,,,,way
Konkordienplatz,,,,way
Konkordienstraße,,,,way
Kopernikushügel,,,,way
Korianderweg,,,,way
Kornblumenweg,,,,way
"Kötitzer Straße",,,,way
"Köttewitzer Straße",,,,way
"Köttewitzer Weg",,,,way
Kottmarstraße,,,,way
"Kötzschenbrodaer Straße",,,,way
"Kötzschenbroder Straße",,,,way
"Kraftwerk Mitte",,,,way
"Krainer Straße",,,,way
Krautgasse,,,,way
"Krebser Straße",,,,way
"Kreischaer Straße",,,,way
Kresseweg,,,,way
"Kreuz 5",,,,way
"Kreuz 6",,,,way
"Kreuz 6 / Gabel",,,,way
"Kreuz R",,,,way
Kreuz-R,,,,way
Kreuzerbergstraße,,,,way
"Kreuznacher Straße",,,,way
Kreuzringel,,,,way
Kreuzringelweg,,,,way
Kreuzsieben,,,,way
"Kreuzsieben / Blümpenweg",,,,way
Kreuzstern,,,,way
Kreuzstraße,,,,way
"Krieschendorfer Straße",,,,way
"Krippener Straße",,,,way
"Krokusweg II",,,,way
Kronenstraße,,,,way
"Kronstädter Platz",,,,way
"Krumme 9",,,,way
"Krumme Gasse",,,,way
Küchenbrückenweg,,,,way
"Küchenbrückenweg / Diebsteig",,,,way
Kucksche,,,,way
Kuckuckssteig,,,,way
Kuckucksweg,,,,way
Kuhschwanz,,,,way
"Kuhschwanz / Alte 7",,,,way
Kümmelschänkenweg,,,,way
Kunitzteichweg,,,,way
Kunsthandwerkerpassagen,,,,way
Kunsthandwerkpassagen,,,,way
Kunsthofpassage,,,,way
Kuntschberg,,,,way
"Kunzer Marktweg",,,,way
Kurgartenstraße,,,,way
Kurhausstraße,,,,way
Kurparkstraße,,,,way
"Kurt und Georg Löwinger Steig",,,,way
"Kurze Reihe",,,,way
"Kurze Straße",,,,way
"Kurzer Schritt",,,,way
"Kurzer Weg",,,,way
Kuttenbrücke,,,,way
Kyffhäuserstraße,,,,way
Laasackerweg,,,,way
"Laibacher Straße",,,,way
"Landauer Straße",,,,way
Landhausstraße,,,,way
Landsteig,,,,way
"Lange Allee",,,,way
"Lange Felder",,,,way
"Lange Straße",,,,way
"Lange Zeile",,,,way
"Langebrücker Straße",,,,way
"Langebrücker Unterdorf",,,,relation
"Langenauer Weg",,,,way
"Langer Weg",,,,way
Langobardenstraße,,,,way
Lärchenholzweg,,,,way
Lärchenstraße,,,,way
"Laubegaster Straße",,,,way
"Laubegaster Ufer",,,,way
"Laubegaster Weg",,,,way
"Lauensteiner Straße",,,,way
Laurabrücke,,,,way
"Lausaer Höhe",,,,way
"Lausaer Kirchgasse",,,,way
"Lausaer Straße",,,,way
"Lausaer Weg",,,,way
Lauschestraße,,,,way
Lauschigwiesenweg,,,,way
"Lausitzer Straße",,,,way
"Lauterbacher Straße",,,,way
Leeraue,,,,way
Lehngutstraße,,,,way
"Leipziger Straße",,,,way
"Leisniger Platz",,,,way
"Leisniger Straße",,,,way
Leitenweg,,,,way
"Lengefelder Straße",,,,way
Lennéstraße,,,,way
"Leppersdorfer Straße",,,,way
"Leubener Straße",,,,way
"Leubnitzer Höhe",,,,way
"Leubnitzer Straße",,,,way
"Leutewitzer Ring",,,,way
"Leutewitzer Straße",,,,way
"Liebenauer Straße",,,,way
"Liebethaler Weg",,,,way
"Liebstädter Straße",,,,way
Liebstöckelweg,,,,way
"Liegauer Straße",,,,way
Ligusterweg,,,,way
Liliengasse,,,,way
Liliensteinblickweg,,,,way
Liliensteinstraße,,,,way
Lilienweg,,,,way
"Limbacher Weg",,,,way
Lindengasse,,,,way
Lindenheim,,,,way
Lindenplatz,,,,way
Lindenstraße,,,,way
Lindenweg,,,,way
Lingnerallee,,,,way
"Linzer Straße",,,,way
"Lippersdorfer Weg",,,,way
"Löbauer Straße",,,,way
"Löbtauer Brücke",,,,way
"Löbtauer Straße",,,,way
Lochmühlenweg,,,,way
Lockwitzaue,,,,way
Lockwitzbachweg,,,,way
"Lockwitzer Straße",,,,way
Lockwitzgrund,,,,way
Lockwitztalstraße,,,,way
"Lockwitztalstraße 7 A-F",,,,way
"Lohmener Straße",,,,way
"Lommatzscher Platz",,,,way
"Lommatzscher Straße",,,,way
"Lomnitzer Straße",,,,way
"Loschwitzer Straße",,,,way
"Loschwitzer Weg",,,,way
"Loschwitzer Wiesenweg",,,,way
Lößnitzblick,,,,way
Lößnitzstraße,,,,way
Lößnitzweg,,,,way
"Lothringer Straße",,,,way
"Lothringer Weg",,,,way
"Lotzdorfer Straße",,,,way
Lotzebachstraße,,,,way
"Löwenhainer Straße",,,,way
Löwenstraße,,,,way
"Lübbenauer Straße",,,,way
"Lübecker Straße",,,,way
"Lubminer Straße",,,,way
Luchbergstraße,,,,way
"Lückendorfer Straße",,,,way
Ludwig-Küntzelmann-Platz,,,,way
Luftbadstraße,,,,way
"Lugaer Platz",,,,way
"Lugaer Straße",,,,way
Lugbergblick,,,,way
Lugturmstraße,,,,way
Lugturmweg,,,,way
Lukasplatz,,,,way
Lukasstraße,,,,way
"Lungkwitzer Straße",,,,way
Lupinenweg,,,,way
Lynchschlucht,,,,way
MP,,,,way
Magazinstraße,,,,way
"Magdeburger Straße",,,,way
Maiglöckchenweg,,,,way
Maille-Bahn,,,,way
"Mainzer Straße",,,,way
Malergäßchen,,,,way
Malerstraße,,,,way
"Malschendorfer Straße",,,,way
Maltenstraße,,,,way
Malterstraße,,,,way
Malterweg,,,,way
"Mannheimer Straße",,,,way
"Mansfelder Straße",,,,way
"Marburger Straße",,,,way
Margeritenstraße,,,,way
Margeritenweg,,,,way
"Marienberger Straße",,,,way
Marienbrücke,,,,way
Marienschachtweg,,,,way
"Markersbacher Weg",,,,way
Markt,,,,way
Marktweg,,,,way
Markusplatz,,,,way
Markusstraße,,,,way
"Marsdorfer Hauptstraße",,,,way
"Marsdorfer Straße",,,,way
"Marsdorfer Weg",,,,way
Martin-Luther-Straße,,,,way
Martiniweg,,,,way
Mastenweg,,,,way
Materniweg,,,,way
Maulbeerenstraße,,,,way
"Maxener Straße",,,,way
"Medinger Straße",,,,way
"Medinger Weg",,,,way
Mehlflussweg,,,,way
Mehlflußweg,,,,way
Meinhardtweg,,,,way
Meiselschachtweg,,,,way
Meisengasse,,,,way
Meisensteig,,,,way
Meisenweg,,,,way
"Meißner Landstraße",,,,way
"Meißner Straße",,,,way
Meixstraße,,,,way
Meixweg,,,,way
Menageriestraße,,,,way
"Meraner Straße",,,,way
"Merbitzer Ring",,,,way
"Merbitzer Straße",,,,way
Meridianstraße,,,,way
"Merseburger Straße",,,,way
Messering,,,,way
Meßweg,,,,way
"Metzer Straße",,,,way
"Meusegaster Straße",,,,way
"Meußlitzer Straße",,,,way
"Micktner Straße",,,,way
"Milkeler Straße",,,,way
"Miltitzer Straße",,,,way
Mißbachweg,,,,way
Mittelsteg,,,,way
Mittelstraße,,,,way
Mittelteichweg,,,,way
Mittelweg,,,,way
"Mobschatzer Straße",,,,way
"Mockethaler Straße",,,,way
"Mockritzer Straße",,,,way
Mohnblumenweg,,,,way
"Mohorner Straße",,,,way
Mönchsholz,,,,way
Moosleite,,,,way
MoosleitenTrail,,,,way
Moosleitenweg,,,,way
Moränenende,,,,way
Mordgrundbrücke,,,,way
Morgenleite,,,,way
Morgensonne,,,,way
"Moritzburger Landstraße",,,,way
"Moritzburger Platz",,,,way
"Moritzburger Straße",,,,way
"Moritzburger Weg",,,,way
Moritzschachtstraße,,,,way
Möwenweg,,,,way
"Mügelner Straße",,,,way
"Mühlbacher Straße",,,,way
Mühlenblick,,,,way
Mühlengrundweg,,,,way
Mühlensteig,,,,way
Mühlenstraße,,,,way
Mühlfeld,,,,way
"Mühlsdorfer Weg",,,,way
Mühlweg,,,,way
Mühlwiesenweg,,,,way
"Muldaer Straße",,,,way
"Mülheimer Straße",,,,way
Müllerbrunnenstraße,,,,way
"Müllers Feldweg",,,,way
"Münchner Platz",,,,way
"Münchner Straße",,,,way
Münzgasse,,,,way
Münzteichweg,,,,way
"Nach dem Rainchen",,,,way
"Nach dem Wirtschaftsweg",,,,way
Nachtflügel,,,,way
"Nachtflügel / A",,,,way
Nachtflügelweg,,,,way
Narzissenhang,,,,way
Narzissenweg,,,,way
"Nassauer Weg",,,,way
"Nasse Gasse",,,,way
"Naundorfer Straße",,,,way
"Naunhofer Weg",,,,way
"Naußlitzer Straße",,,,way
Nelkenstraße,,,,way
Nelkenweg,,,,way
"Neschwitzer Straße",,,,way
Nesselgrundweg,,,,way
"Neubühlauer Straße",,,,way
Neuburgstädtel,,,,way
"Neudecker Straße",,,,way
"Neudobritzer Weg",,,,way
"Neudorfer Weg",,,,way
"Neue Siedlung",,,,way
"Neue Straße",,,,way
"Neue Terrasse",,,,way
"Neuer Brückenweg",,,,way
"Neuer Flügel",,,,way
"Neuer Meßweg",,,,way
"Neuer Weg",,,,way
"Neugersdorfer Straße",,,,way
"Neukircher Straße",,,,way
"Neuländer Straße",,,,way
"Neulußheimer Straße",,,,way
Neumarkt,,,,way
"Neundorfer Straße",,,,way
"Neunimptscher Straße",,,,way
Neuostra,,,,way
"Neusiedler Weg",,,,way
"Neustädter Markt",,,,relation+way
"Nickerner Straße",,,,way
"Nickerner Weg",,,,way
"Niederauer Platz",,,,way
"Niederauer Straße",,,,way
Niedergraben,,,,way
"Niederhäslicher Weg",,,,way
"Niederpoyritzer Straße",,,,way
"Niedersedlitzer Straße",,,,way
"Niederseidewitzer Weg",,,,way
Niederwaldplatz,,,,way
Niederwaldstraße,,,,way
"Niederwarthaer Brücke",,,,way
Nixenweg,,,,way
Nordstraße,,,,way
Nordweg,,,,way
"Nossener Brücke",,,,way
Nöthnitzbachweg,,,,way
"Nöthnitzer Straße",,,,way
"Nürnberger Platz",,,,way
"Nürnberger Straße",,,,way
Nußallee,,,,way
"Oberauer Straße",,,,way
"Obere Bergstraße",,,,way
"Oberer Kreuzweg",,,,way
"Oberer Ziegengrundweg",,,,way
Oberförster-Jahn-Weg,,,,way
Obergartenweg,,,,way
Obergraben,,,,way
Oberkiesweg,,,,way
Oberlandstraße,,,,way
"Oberndorfer Weg",,,,way
Oberonstraße,,,,way
"Oberpoyritzer Straße",,,,way
Oberringel,,,,way
"Oberwachwitzer Weg",,,,way
"Oberwarthaer Straße",,,,way
Ochsenkopf,,,,way
Ochsensteig,,,,way
"Ochsensteig; 6",,,,way
"Ockerwitzer Allee",,,,way
"Ockerwitzer Dorfstraße",,,,way
"Ockerwitzer Ring",,,,way
"Ockerwitzer Straße",,,,way
"Ockerwitzer Weg",,,,way
Oderstraße,,,,way
"Oederaner Straße",,,,way
"Offenburger Straße",,,,way
Ohlsche,,,,way
"Olbernhauer Straße",,,,way
"Olbersdorfer Straße",,,,way
"Ölsaer Weg",,,,way
Oltersteinweg,,,,way
"Omsewitzer Grund",,,,way
"Omsewitzer Höhe",,,,way
"Omsewitzer Ring",,,,way
"Omsewitzer Straße",,,,way
"Oppacher Straße",,,,way
Orangeriestraße,,,,way
"Oschatzer Straße",,,,way
Osterbergstraße,,,,way
"Österreicher Straße",,,,way
Ostra-Allee,,,,way
Ostra-Ufer,,,,way
"Ostrauer Straße",,,,way
"Ostritzer Straße",,,,way
"Ottendorfer Straße",,,,way
"Oybiner Straße",,,,way
Palaisplatz,,,,relation+way
Palmstraße,,,,way
Panoramaweg,,,,way
Papiermühlengasse,,,,way
Pappelweg,,,,way
"Pappritzer Straße",,,,way
"Pappritzer Weg",,,,way
"Papstdorfer Straße",,,,way
Paradiesstraße,,,,way
Parkstraße,,,,way
Parkweg,,,,way
"Passage Königstraße",,,,way
"Passauer Straße",,,,way
Paul-Scholze-Weg,,,,way
Paulstraße,,,,way
"Pennricher Feldrain",,,,way
"Pennricher Höhe",,,,way
"Pennricher Ring",,,,way
"Pennricher Straße",,,,way
"Pennricher Weg",,,,way
Permoserweg,,,,way
"Pesterwitzer Schulweg",,,,way
"Pesterwitzer Straße",,,,way
"Pestitzer Straße",,,,way
"Pestitzer Weg",,,,way
Petrikirchstraße,,,,way
Pfaffengrund,,,,way
Pfaffensteinstraße,,,,way
Pfarrgasse,,,,way
Pfingstrosenweg,,,,way
"Pforzheimer Straße",,,,way
"Pieschener Allee",,,,way
"Pieschener Mole",,,,way
"Pieschener Molenbrücke",,,,way
"Pieschener Straße",,,,way
"Pillnitz, Schloss",,,,way
"Pillnitz-Moritzburger Weg",,,,way
"Pillnitz-Moritzburger Weg / Hämmerchen",,,,way
"Pillnitzer Landstraße",,,,way
"Pillnitzer Platz",,,,way
"Pillnitzer Straße",,,,way
"Pirnaer Landstraße",,,,way
"Pirnaer Straße",,,,way
"Pirnaische Straße",,,,way
"Pirnaischer Platz",,,,way
Planstraße,,,,way
Plantagenweg,,,,way
Platanenstraße,,,,way
Plattleite,,,,way
"Platz des Friedens",,,,way
"Plauenscher Ring",,,,way
Plumpenbusch,,,,way
"Podemuser Hauptstraße",,,,way
"Podemuser Ring",,,,way
"Podemuser Straße",,,,way
Podemusstraße,,,,way
Poetenweg,,,,way
"Pohrsdorfer Weg",,,,way
Poisenweg,,,,way
Polierstraße,,,,way
"Possendorfer Straße",,,,way
"Postelwitzer Straße",,,,way
Postgang,,,,way
Postplatz,,,,relation+way
Poststraße,,,,way
Postweg,,,,way
"Potschappler Straße",,,,way
Pötschkeweg,,,,way
Preßgasse,,,,way
Prießnitzaue,,,,way
Prießnitzgrundweg,,,,way
Prießnitzstraße,,,,way
Prießnitztalstraße,,,,way
"Prießnitztalstraße / Kannehenkel",,,,way
"Prießnitztalstraße / Kannenhenkel",,,,way
Prießnitztalweg,,,,way
Primelweg,,,,way
"Prisco Passage",,,,way
Privatstraße,,,,way
Privatweg,,,,way
"Prohliser Allee",,,,way
"Prohliser Straße",,,,way
Promenadenring,,,,way
Promnitztalstraße,,,,way
"Prossener Straße",,,,way
Provianthofstraße,,,,way
"Pulsnitzer Straße",,,,way
"Putbuser Weg",,,,way
Putjatinstraße,,,,way
Quantzweg,,,,way
Querallee,,,,way
Querstraße,,,,way
Querweg,,,,way
"Quohrener Straße",,,,way
Rabenaue,,,,way
"Rabenauer Straße",,,,way
"Räcknitzer Marktweg",,,,way
Räcknitzhöhe,,,,way
Räcknitzstraße,,,,way
"Radeberger Landstraße",,,,way
"Radeberger Straße",,,,way
"Radeberger Weg",,,,way
"Radebeuler Straße",,,,way
"Radeburger Landstraße",,,,way
"Radeburger Straße",,,,way
"Rähnitzer Allee",,,,way
"Rähnitzer Mühlweg",,,,way
"Rähnitzer Straße",,,,way
"Rähnitzer Winkel",,,,way
Rähnitzgasse,,,,way
Rähnitzsteig,,,,way
"Rampische Straße",,,,way
Randsiedlung,,,,way
"Rastatter Straße",,,,way
Rathausgasse,,,,way
Rathausstraße,,,,way
"Rathener Straße",,,,way
Ratsfeld,,,,way
Ratsstraße,,,,way
Rauensteinstraße,,,,way
"Regensburger Straße",,,,way
"Rehefelder Straße",,,,way
"Reichenauer Weg",,,,way
"Reichenberger Straße",,,,way
"Reichenhaller Straße",,,,way
Reichsapfel,,,,way
"Reicker Straße",,,,way
Reineckeweg,,,,way
"Reisewitzer Straße",,,,way
Reitbahnstraße,,,,way
Reitbahnweg,,,,way
"Reitzendorfer Straße",,,,way
"Rennersdorfer Hauptstraße",,,,way
"Rennersdorfer Straße",,,,way
Rennplatzstraße,,,,way
Rennsteig,,,,way
"Rennsteig / 14",,,,way
"Rennsteig, Mühlweg",,,,way
Rhönweg,,,,way
Riedgrasweg,,,,way
"Riesaer Straße",,,,way
Rietschelweg,,,,way
Ringstraße,,,,way
"Rippiener Straße",,,,way
Rißweg,,,,way
Ritterstraße,,,,way
Robert-Bosch-Ring,,,,way
Robinienhain,,,,way
Robinienstraße,,,,way
"Rochwitzer Straße",,,,way
"Rochwitzer Weg",,,,way
"Rockauer Ring",,,,way
"Rockauer Straße",,,,way
Rodelweg,,,,way
"Röderauer Straße",,,,way
Rodung,,,,way
Röhrhofsgasse,,,,way
"Röhrsdorfer Straße",,,,way
"Roitzscher Dorfstraße",,,,way
"Roitzscher Landstraße",,,,way
"Roitzscher Straße",,,,way
Rosengäßchen,,,,way
Rosenschulweg,,,,way
Rosenstraße,,,,way
"Rosenthaler Straße",,,,way
"Rosentitzer Straße",,,,way
Rosenweg,,,,way
Rosinendörfchen,,,,way
Rosmaringasse,,,,way
"Rossendorfer Straße",,,,way
"Rossendorfer Weg",,,,way
"Rostocker Straße",,,,way
"Roßthaler Straße",,,,way
"Roßweiner Straße",,,,way
Rotdornstraße,,,,way
"Rote Häuser",,,,way
"Roter Graben-Wanderweg",,,,way
"Roter Grabenweg",,,,way
Roter-Graben-Weg,,,,way
"Röthenbacher Straße",,,,way
"Rothenburger Straße",,,,way
Rothhäuserstraße,,,,way
Rotkehlchenweg,,,,way
"Rottwerndorfer Straße",,,,way
"Rüdesheimer Straße",,,,way
Rudolfstraße,,,,way
Rudolphweg,,,,way
RuinenDH,,,,way
"Runde 4",,,,way
"Ruppendorfer Weg",,,,way
Ruscheweg,,,,way
Rütlistraße,,,,way
SW,,,,way
"Saalfelder Straße",,,,way
"Saalhausener Straße",,,,way
"Saarbrückener Straße",,,,way
Saarplatz,,,,way
Saarstraße,,,,way
"Sachsdorfer Straße",,,,way
Sachsenallee,,,,way
Sachsenplatz,,,,way
Sachsenstiege,,,,way
Sachsenwerkstraße,,,,way
"Sächsischer Weinwanderweg",,,,way
Sachsweg,,,,way
"Sadisdorfer Weg",,,,way
"Sagarder Weg",,,,way
"Salzburger Straße",,,,way
Salzgasse,,,,way
Sanatoriumsweg,,,,way
Sandbodenweg,,,,way
Sandbornweg,,,,way
Sandbrückenweg,,,,way
"Sandbrückenweg / 14",,,,way
Sanddornstraße,,,,way
Sandschluchtweg,,,,way
Sandweg,,,,way
Sarrasanistraße,,,,way
"Saßnitzer Straße",,,,way
Sauerbuschweg,,,,way
Saugartenweg,,,,way
Säugrundweg,,,,way
Sauteichweg,,,,way
Saxoniastraße,,,,way
"Saydaer Straße",,,,way
Schäferstraße,,,,way
"Schandauer Straße",,,,way
Schänkenweg,,,,way
Schanzenstraße,,,,way
"Scharfenberger Straße",,,,way
Scharfensteinstraße,,,,way
"Schellerhauer Weg",,,,way
Schelsberg,,,,way
Schelsstraße,,,,way
Schelsweg,,,,way
Schere,,,,way
Scheunenhofstraße,,,,way
Schießgasse,,,,way
Schilfteichstraße,,,,way
Schilfweg,,,,way
Schillergalerie,,,,way
Schillingstraße,,,,way
Schinderweg,,,,way
Schlachthofstraße,,,,way
Schlehdornstraße,,,,way
Schlehenstraße,,,,way
"Schlesischer Platz",,,,relation+way
"Schleswiger Straße",,,,way
"Schlottwitzer Straße",,,,way
Schlucht,,,,way
"Schmaler Weg",,,,way
Schmalwiesenstraße,,,,way
"Schmiedeberger Straße",,,,way
"Schmilkaer Straße",,,,way
Schneebergstraße,,,,way
"Schneiders Delle",,,,way
"Schneise 7",,,,way
Scholzweg,,,,way
"Schönaer Straße",,,,way
"Schönbacher Weg",,,,way
Schönbergstraße,,,,way
"Schönborner Straße",,,,way
Schönbrunnstraße,,,,way
"Schöne Aussicht",,,,way
"Schönfelder Landstraße",,,,way
"Schönfelder Straße",,,,way
Schöpsdamm,,,,way
Schössergasse,,,,way
Schrammsteinstraße,,,,way
"Schreberallee Ost",,,,way
"Schreberallee Süd",,,,way
"Schreberallee West",,,,way
Schreibergasse,,,,way
Schulberg,,,,way
Schulgasse,,,,way
Schulgutstraße,,,,way
"Schullwitzer Straße",,,,way
Schulstraße,,,,way
Schulweg,,,,way
Schützengasse,,,,way
Schützenhofstraße,,,,way
Schützenhöhe,,,,way
Schützenplatz,,,,way
Schützenstraße,,,,way
Schützenweg,,,,way
Schwalbenweg,,,,way
Schwarmweg,,,,way
"Schwarzer Weg",,,,way
Schwarzes-Bild-Weg,,,,way
Schwedenbrücke,,,,way
"Schweizer Straße",,,,way
Schweizstraße,,,,way
"Schwepnitzer Straße",,,,way
"Schweriner Straße",,,,way
Schwerterweg,,,,way
Schwesternsteig,,,,way
Scillaweg,,,,way
"Sebnitzer Straße",,,,way
"Seefelder Weg",,,,way
Seegärten,,,,way
Seerosenweg,,,,way
Seestraße,,,,way
Seewiesenweg,,,,way
Seidelbaststraße,,,,way
"Seidnitzer Straße",,,,way
"Seidnitzer Weg",,,,way
"Seifersdorfer Straße",,,,way
"Seifersdorfer Tal-Wanderweg",,,,way
"Seifhennersdorfer Straße",,,,way
Seifzerteichstraße,,,,way
Seilergasse,,,,way
Seitenstraße,,,,way
"Selliner Straße",,,,way
Seminarstraße,,,,way
Semmelweg,,,,way
"Semmelweg / Kreuz 5",,,,way
"Senftenberger Straße",,,,way
"Serkowitzer Straße",,,,way
Serpentinstraße,,,,way
"Seußlitzer Straße",,,,way
"Siebenbürgener Straße",,,,way
"Siebenlehner Straße",,,,way
Siedlerstraße,,,,way
Siedlerweg,,,,way
"Siedlung in der Aue",,,,way
Siedlungsstraße,,,,way
Sierksplatz,,,,way
Silberfund,,,,way
Silbertalweg,,,,way
"SnakeTrail 2.0",,,,way
"Sobrigauer Weg",,,,way
"Söbrigener Straße",,,,way
"Söbrigener Weg",,,,way
"Sohlander Straße",,,,way
Sonnenallee,,,,way
Sonnenblumenweg,,,,way
Sonnenhof,,,,way
Sonnenhügel,,,,way
Sonnenlehne,,,,way
Sonnenleite,,,,way
Sonnensteinweg,,,,way
Sonnenweg,,,,way
Sonnenwinkel,,,,way
"Sonniger Weg",,,,way
Sorbenstraße,,,,way
"Sörnewitzer Straße",,,,way
"Sosaer Straße",,,,way
Spalteholzweg,,,,way
Spartenweg,,,,way
Sperlingsgasse,,,,way
Sperlingsweg,,,,way
Spiegelweg,,,,way
Spitzbergstraße,,,,way
Spitzhausstraße,,,,way
"Sporbitzer Ring",,,,way
"Sporbitzer Straße",,,,way
Sporergasse,,,,way
Sportplatzstraße,,,,way
Sportplatzweg,,,,way
"Spreewalder Straße",,,,way
"Spremberger Straße",,,,way
"St. Petersburger Straße",,,,way
"St. Pöltener Weg",,,,way
Stadtblick,,,,way
Stadtgutstraße,,,,way
Stadtweg,,,,way
Staffelsteinstraße,,,,way
Stallberg,,,,way
Stallhof,,,,relation
Stammweg,,,,way
Stangenweg,,,,way
Stauseeweg,,,,way
Stechgrund,,,,way
Stechgrundstraße,,,,way
Steigerweg,,,,way
"Steile Straße",,,,way
"Steinbacher Grundstraße",,,,way
"Steinbacher Straße",,,,way
Steinbrückenhübel,,,,way
"Steinerne Brücke",,,,way
Steingründchenweg,,,,way
Steinhübelweg,,,,way
Steinigtwiesenweg,,,,way
Steinstraße,,,,way
Steinweg,,,,way
"Steirische Straße",,,,way
"Stendaler Straße",,,,way
Sternbrückenhügelweg,,,,way
Sternplatz,,,,way
Sternstraße,,,,way
Sternweg,,,,way
"Stetzscher Straße",,,,way
Stieglitzweg,,,,way
"Stille Winkel",,,,way
"Stiller Winkel",,,,way
Stöckigtweg,,,,way
"Stolpener Straße",,,,way
Storchenneststraße,,,,way
Storchenweg,,,,way
"Stralsunder Straße",,,,relation+way
"Straßburger Platz",,,,way
"Straße des 17. Juni",,,,way
"Straße des Friedens",,,,way
"Strehlener Platz",,,,way
"Strehlener Straße",,,,way
"Striesener Straße",,,,way
"Striesener Winkel",,,,way
"Struppener Straße",,,,way
Stufenweg,,,,way
Stuhlweg,,,,way
"Stuttgarter Straße",,,,way
Südallee,,,,way
Sudetenstraße,,,,way
Südhang,,,,way
Sudhausweg,,,,way
Südhöhe,,,,way
Südstraße,,,,way
"Südtiroler Straße",,,,way
Südweg,,,,way
Südwesthang,,,,way
Tagetesweg,,,,way
Talblick,,,,way
Talstraße,,,,way
Talweg,,,,way
"Tanneberger Weg",,,,way
Tannenstraße,,,,way
Tannenweg,,,,way
Tännichtgrundstraße,,,,way
Tännichtstraße,,,,way
Tännichtweg,,,,way
Tanzzipfelweg,,,,way
Taschenberg,,,,way
Tatzberg,,,,way
"Taubenheimer Straße",,,,way
Taubenweg,,,,way
Tauernstraße,,,,way
Teichplatz,,,,way
Teichstraße,,,,way
Teichweg,,,,way
Teichwiesenweg,,,,way
"Teplitzer Straße",,,,way
Terrassengasse,,,,way
Terrassenufer,,,,way
"Tetschener Straße",,,,way
Teutoburgstraße,,,,way
"Tharandter Straße",,,,way
Theaterstraße,,,,way
"Theisewitzer Straße",,,,way
Theodorstraße,,,,way
"Thürmsdorfer Straße",,,,way
Thymianweg,,,,way
"Tiefer Grund",,,,way
Tiergartenstraße,,,,way
"Tiroler Straße",,,,way
Todbrücke,,,,way
Todweg,,,,way
"Tolkewitzer Straße",,,,way
Tonbergstraße,,,,way
Töpferstraße,,,,way
Topfweg,,,,way
"Torgauer Straße",,,,way
"Tornaer Ring",,,,way
"Tornaer Straße",,,,way
Torweg,,,,way
"Trachauer Straße",,,,way
"Trachenberger Platz",,,,way
"Trachenberger Straße",,,,way
"Trattendorfer Straße",,,,way
Traubelstraße,,,,way
Traubelweg,,,,way
Traunsteinweg,,,,way
"Travemünder Straße",,,,way
Trebeweg,,,,way
Treidelpfad,,,,way
Treidlerstraße,,,,way
"Trienter Straße",,,,way
Trieskestraße,,,,way
Trompeterstraße,,,,way
"Tronitzer Straße",,,,way
"Troppauer Straße",,,,way
Trümmerbahnweg,,,,way
"Tübinger Straße",,,,way
Tuchmachergasse,,,,way
Tulpenweg,,,,way
"Tunnel Bramschstraße",,,,way
Türmchen,,,,way
Turnerweg,,,,way
"Übigauer Fährweg",,,,way
"Übigauer Straße",,,,way
Uferstraße,,,,way
"Ulberndorfer Weg",,,,way
"Ullersdorf-Langebrücker Straße",,,,way
"Ullersdorf-Langebrücker Straße (5)",,,,way
"Ullersdorfer Hauptstraße",,,,way
"Ullersdorfer Landstraße",,,,way
"Ullersdorfer Mühle",,,,way
"Ullersdorfer Platz",,,,way
"Ullersdorfer Straße",,,,way
Ulmenstraße,,,,way
Ulmenweg,,,,way
"Umleitung Hakenweg",,,,way
"Unkersdorfer Landstraße",,,,way
"Unkersdorfer Straße",,,,way
"Unkersdorfer Weg",,,,way
"Unterer Kreuzweg",,,,way
"Unterer Ziegengrundweg",,,,way
Unterringel,,,,way
Unverzagtweg,,,,way
Urnenfeldweg,,,,way
Urnenstraße,,,,way
Ursus-Steig,,,,way
"Uttewalder Straße",,,,way
Valtenbergstraße,,,,way
Veilchenstraße,,,,way
Veilchenweg,,,,way
Verbindungssteig,,,,way
"Verkehrte Gabel",,,,way
"Verkehrter Anker",,,,way
Veteranenstraße,,,,way
"Vetschauer Straße",,,,way
Viehbotsche,,,,way
Vierbeeteweg,,,,way
Vierlinden,,,,way
Viktoriastraße,,,,way
"Villacher Straße",,,,way
Vogelstellerweg,,,,way
Vogelzipfel,,,,way
Vogesenweg,,,,way
"Volkersdorfer Sandweg",,,,way
"Volkersdorfer Straße",,,,way
"Volkersdorfer Weg",,,,way
Vorerlenweg,,,,way
Vorwerkstraße,,,,way
"Wachauer Straße",,,,way
Wachbergstraße,,,,way
Wacholderstraße,,,,way
Wachsbleichstraße,,,,way
Wachtelweg,,,,way
Wachwitzblick,,,,way
Wachwitzblickweg,,,,way
"Wachwitzer Bergstraße",,,,way
"Wachwitzer Höhenweg",,,,way
"Wachwitzer Weinberg",,,,way
Wachwitzgrund,,,,way
"Wahnsdorfer Straße",,,,way
Waisenhausstraße,,,,way
Waldblick,,,,way
Waldhausstraße,,,,way
"Waldheimer Straße",,,,way
Waldhofstraße,,,,way
Waldparkstraße,,,,way
Waldschlößchenbrücke,,,,way
Waldschlößchenstraße,,,,way
Waldschlößchentunnel,,,,way
Waldstraße,,,,way
Waldteichstraße,,,,way
Waldweg,,,,way
"Waldweg nach Helfenberg",,,,way
Wallgäßchen,,,,way
Wallstraße,,,,way
Walterweg,,,,way
Wanderweg,,,,way
"Warnemünder Straße",,,,way
Wartburgstraße,,,,way
"Warthaer Straße",,,,way
Wasastraße,,,,way
Wasserweg,,,,way
Wasserwerkstraße,,,,way
Webergasse,,,,way
Weberweg,,,,way
"Weesensteiner Straße",,,,way
"Weg 1",,,,way
"Weg 2",,,,way
"Weg 3",,,,way
"Weg 4",,,,way
"Weg der Sinne",,,,way
"Wehlener Straße",,,,way
"Wehrsdorfer Straße",,,,way
Weidentalstraße,,,,way
Weidenweg,,,,way
Weideweg,,,,way
"Weimarische Straße",,,,way
Weinbergpfad,,,,way
Weinbergstraße,,,,way
Weinbergsweg,,,,way
"Weinböhlaer Straße",,,,way
Weingartenweg,,,,way
Weinleite,,,,way
Weintraubenstraße,,,,way
"Weistropper Straße",,,,way
"Weistropper Weg",,,,way
Weißdornstraße,,,,way
"Weiße Gasse",,,,way
"Weißenberger Straße",,,,way
Weißer-Hirsch-Straße,,,,way
Weißeritz-Grünzug,,,,way
Weißeritzstraße,,,,way
"Weißiger Gänsefuß",,,,way
"Weißiger Gänsefuß, Halbmond",,,,way
"Weißiger Landstraße",,,,way
"Weißiger Straße",,,,way
"Weißiger Weg",,,,way
"Weixdorfer Rathausplatz",,,,way
"Weixdorfer Straße",,,,way
"Weixdorfer Weg",,,,way
"Welschhufer Straße",,,,way
"Werdauer Straße",,,,way
Werftstraße,,,,way
Werkstättenstraße,,,,way
Werkstraße,,,,way
Wernerstraße,,,,way
Westendring,,,,way
Westendstraße,,,,way
Weststraße,,,,way
"Wetroer Straße",,,,way
Wettiner-Steig,,,,way
"Wiener Straße",,,,way
"Wiesbadener Straße",,,,way
Wiesensteig,,,,way
Wiesenstraße,,,,way
Wiesenweg,,,,way
Wildbergstraße,,,,way
Wilder-Mann-Straße,,,,way
Wilischstraße,,,,way
"Wilmsdorfer Straße",,,,way
"Wilschdorfer Landstraße",,,,way
"Wilschdorfer Straße",,,,way
"Wilsdruffer Ring",,,,way
"Wilsdruffer Straße",,,,way
"Wilthener Straße",,,,way
Wincklerstraße,,,,way
Windbergstraße,,,,way
Windmühlenstraße,,,,way
Windmühlenweg,,,,way
Winkelweg,,,,way
Winterbergstraße,,,,way
Wintergartenstraße,,,,way
Winterstraße,,,,way
Winzerstraße,,,,way
Wirtschaftsweg,,,,way
"Wismarer Straße",,,,way
"Wittenberger Straße",,,,way
"Wittgensdorfer Straße",,,,way
Wohnweg,,,,way
"Wölfnitzer Ring",,,,way
Wölfnitzstraße,,,,way
Wolfsgasse,,,,way
Wolfshügelstraße,,,,way
Wolfszug,,,,way
"Wolgaster Straße",,,,way
"Wölkauer Straße",,,,way
"Wolkensteiner Straße",,,,way
"Wormser Platz",,,,way
"Wormser Straße",,,,way
"Wünschendorfer Straße",,,,way
"Wurgwitzer Landstraße",,,,way
"Wurgwitzer Straße",,,,way
"Würschnitzer Weg",,,,way
"Würzburger Straße",,,,way
"Wurzener Straße",,,,way
Zachengrundring,,,,way
Zachenweg,,,,way
"Zaschendorfer Straße",,,,way
"Zauckeroder Straße",,,,way
Zaunkönigweg,,,,way
Zeisigweg,,,,way
"Zeithainer Straße",,,,way
"Zellescher Weg",,,,way
Ziegeleistraße,,,,way
Ziegeleiweg,,,,way
Ziegelscheunenweg,,,,way
Ziegelstraße,,,,way
Zinnienweg,,,,way
"Zinnowitzer Straße",,,,way
"Zinnwalder Straße",,,,way
Zirkel,,,,way
Zirkelsteinstraße,,,,way
Zirkusstraße,,,,way
"Zittauer Straße",,,,way
"Zitzschewiger Straße",,,,way
"Zöllmener Landstraße",,,,way
"Zöllmener Straße",,,,way
"Zschachwitzer Straße",,,,way
Zschaukegraben,,,,way
"Zschertnitzer Straße",,,,way
"Zschertnitzer Weg",,,,way
Zschierbachstraße,,,,way
Zschierbachweg,,,,way
"Zschierener Elbstraße",,,,way
"Zschierener Elbweg",,,,way
"Zschierener Straße",,,,way
Zschirnsteinstraße,,,,way
Zschonerallee,,,,way
Zschonerblick,,,,way
Zschonergrund,,,,way
"Zschonergrund Lehrpfad",,,,way
Zschonergrundstraße,,,,way
Zschonergrundweg,,,,way
"Zu den Weiden",,,,way
Zughübelstraße,,,,way
"Zum Birkhübel",,,,way
"Zum Dorfblick",,,,way
"Zum Festplatz",,,,way
"Zum Heideblick",,,,way
"Zum Heiderand",,,,way
"Zum Hutbergblick",,,,way
"Zum Jammertal",,,,way
"Zum Kiefernhang",,,,way
"Zum Kraftwerk",,,,way
"Zum Lindeberg",,,,way
"Zum Mühlweg",,,,way
"Zum Nixenteich",,,,way
"Zum Oberen Waldteich",,,,way
"Zum Reiterberg",,,,way
"Zum Schmiedeberg",,,,way
"Zum Schwarm",,,,way
"Zum Spitzeberg",,,,way
"Zum Sportplatz",,,,way
"Zum Steinbruch",,,,way
"Zum Südblick",,,,way
"Zum Tal",,,,way
"Zum Tiefen Grund",,,,way
"Zum Tierheim",,,,way
"Zum Triebenberg",,,,way
"Zum Turmberg",,,,way
"Zum Windkanal",,,,way
"Zur Alten Ziegelei",,,,way
"Zur Bachwiese",,,,way
"Zur Bleiche",,,,way
"Zur Bockmühle",,,,way
"Zur Eiche",,,,way
"Zur Einkehr",,,,way
"Zur Elbinsel",,,,way
"Zur Hohle",,,,way
"Zur Kurwiese",,,,way
"Zur Messe",,,,way
"Zur Neuen Brücke",,,,way
"Zur Pappritzmühle",,,,way
"Zur Pflaumenhohle",,,,way
"Zur Reitzendorfer Mühle",,,,way
"Zur Rodelbahn",,,,way
"Zur Sandgrube",,,,way
"Zur Schäferei",,,,way
"Zur Schmiede",,,,way
"Zur Schule",,,,way
"Zur Steinhöhe",,,,way
"Zur Steinrücke",,,,way
"Zur Thömelstraße",,,,way
"Zur Wetterwarte",,,,way
"Zur Ziegelwiese",,,,way
Zwanzigerstraße,,,,way
"Zweiter Hutungsweg",,,,way
"Zweiter Mittelweg",,,,way
Zwergstraße,,,,way
"Zwickauer Platz",,,,way
"Zwickauer Straße",,,,way
"ehem. Todweg",,,,way
"ehemalige Bergwerksbrücke",,,,way
"verlängerter C-Flügel",,,,way
